URL,Title,Body,Hyperlink
https://www.thebell.co.kr/free/content/ArticleView.asp?key=202510291806071680109691&lcode=00&page=1&svccode=00,"['가은 체제' 바이젠셀 리부트 전략]내년 상장 매출요건 유예 종료, 병원 '캡티...",올해로 상장 5년차를 맞이하는 바이젠셀의 최우선 해결 과제는 '매출'이다. 상장 당시 1000억원에 육박하는 자금을 조달한 덕분에 법차손 기준 리스크에서는 상대적으로 자유롭지만 내년 유예가 종료되는...,"=HYPERLINK(""https://www.thebell.co.kr/free/content/ArticleView.asp?key=202510291806071680109691&lcode=00&page=1&svccode=00"", ""['가은 체제' 바이젠셀 리부트 전략]내년 상장 매출요건 유예 종료, 병원 '캡티..."")"
https://www.thebell.co.kr/free/content/ArticleView.asp?key=202510291816195640102379&lcode=00&page=1&svccode=00,"HK이노엔, '케이캡' 덕 매출 1조 가시권…'글로벌 선점' 총력",연 1조원 매출을 목표하는 HK이노엔의 핵심 키는 '케이캡'의 글로벌 확장이다. 헬스앤뷰티(H&B) 부문의 매출 부진에도 한국과 중국을 포함한 18개국에 케이캡을 판매한 덕에 실적을 유지했다.   ...,"=HYPERLINK(""https://www.thebell.co.kr/free/content/ArticleView.asp?key=202510291816195640102379&lcode=00&page=1&svccode=00"", ""HK이노엔, '케이캡' 덕 매출 1조 가시권…'글로벌 선점' 총력"")"
https://www.thebell.co.kr/free/content/ArticleView.asp?key=202510300729473020105017&lcode=00&page=1&svccode=00,"[아로마티카 상장 로드맵]""지속가능성이 책임이자 경쟁력"" ESG 지켜온 창업주 뚝...",작은 중소기업 혹은 벤처에 ESG 경영을 들이미는게 합당할까. 생존이 급한 상황에서 사회적 책임을 거론하는 건 쉬운 문제가 아니다. 이 때문에 모든 기업들이 ESG 경영에 대한 요구를 받지만 쉽지 ...,"=HYPERLINK(""https://www.thebell.co.kr/free/content/ArticleView.asp?key=202510300729473020105017&lcode=00&page=1&svccode=00"", ""[아로마티카 상장 로드맵]""""지속가능성이 책임이자 경쟁력"""" ESG 지켜온 창업주 뚝..."")"
https://www.thebell.co.kr/free/content/ArticleView.asp?key=202510300736334340101796&lcode=00&page=1&svccode=00,"[제도권 들어서는 비대면진료]""치열해질 경쟁, 수익화 모델 '각자도생'…데이터가 ...","비대면 진료가 처음 한국 사회에서 논의되기 시작한 지 37년, 코로나19 펜데믹을 계기로 한시적 허용 및 시범사업을 거쳐 법제화에 오르기까지는 5년이 걸렸다. 말도, 탈도 많았던 시간을 지나 제도권...","=HYPERLINK(""https://www.thebell.co.kr/free/content/ArticleView.asp?key=202510300736334340101796&lcode=00&page=1&svccode=00"", ""[제도권 들어서는 비대면진료]""""치열해질 경쟁, 수익화 모델 '각자도생'…데이터가 ..."")"
https://www.thebell.co.kr/free/content/ArticleView.asp?key=202510310851597680102875&lcode=00&page=1&svccode=00,"[i-point]SAMG엔터, '에스파x티니핑' 컬래버 굿즈 론칭",에스에이엠지엔터테인먼트(SAMG엔터)가 인기 애니메이션 '캐치! 티니핑'과 걸그룹 '에스파(aespa)'가 함께한 컬래버레이션 MD를 출시했다. 이번 협업은 SAMG엔터와 SM엔터테인먼트 소속 아티...,"=HYPERLINK(""https://www.thebell.co.kr/free/content/ArticleView.asp?key=202510310851597680102875&lcode=00&page=1&svccode=00"", ""[i-point]SAMG엔터, '에스파x티니핑' 컬래버 굿즈 론칭"")"
https://www.thebell.co.kr/free/content/ArticleView.asp?key=202510281501510480107280&lcode=00&page=1&svccode=00,[김범수 판결문 뜯어보기]SM 주가조작 불인정 핵심 사유 '물량·타이밍',974일. SM엔터테인먼트 주가 조작 의혹으로 기소된 김범수 카카오 미래이니셔티브센터장이 1심 재판을 받는데 걸린 시간이다. 1000일에 가까운 기간 동안 재판정은 증거를 둘러싼 다툼으로 채워졌다....,"=HYPERLINK(""https://www.thebell.co.kr/free/content/ArticleView.asp?key=202510281501510480107280&lcode=00&page=1&svccode=00"", ""[김범수 판결문 뜯어보기]SM 주가조작 불인정 핵심 사유 '물량·타이밍'"")"
https://www.thebell.co.kr/free/content/ArticleView.asp?key=202510310203064520108644&lcode=00&page=1&svccode=00,"[i-point]유니켐 최대주주, 4%대 지분 추가 취득 ""책임 경영""",유니켐 최대주주가 내달 5일로 예정된 신주인수권부사채(BW) 공모 청약을 앞두고 지배력 강화에 나섰다. 회사의 장기적 비전과 성장 가능성에 스스로 베팅함으로써 자신감을 나타낸 것이란 게 회사 측 설...,"=HYPERLINK(""https://www.thebell.co.kr/free/content/ArticleView.asp?key=202510310203064520108644&lcode=00&page=1&svccode=00"", ""[i-point]유니켐 최대주주, 4%대 지분 추가 취득 """"책임 경영"""""")"
https://www.thebell.co.kr/free/content/ArticleView.asp?key=202510300624141060103040&lcode=00&page=1&svccode=00,"한미사이언스, 오픈이노베이션 조직 'SI 투자' 연내 시동",한미약품그룹이 소규모로나마 연내 오픈이노베이션 투자를 추진한다. 첫 단계인 만큼 수십억원 규모가 될 전망이다. 구심점은 지주사 한미사이언스다. 그간 자체 연구개발(R&D)에 집중할 뿐 직접적 투자에...,"=HYPERLINK(""https://www.thebell.co.kr/free/content/ArticleView.asp?key=202510300624141060103040&lcode=00&page=1&svccode=00"", ""한미사이언스, 오픈이노베이션 조직 'SI 투자' 연내 시동"")"
https://www.thebell.co.kr/free/content/ArticleView.asp?key=202510300630446120102594&lcode=00&page=1&svccode=00,"[알지노믹스 IPO]2027년 흑자 전환 예고, 물질별 기술이전 '골든타임' 조준",알지노믹스는 2027년을 흑자전환 원년으로 보고 있다. RNA 치환효소 플랫폼을 활용한 다양한 적응증 파이프라인에 대한 최적 시점의 기술이전을 수익원으로 삼는다. 실제 글로벌 제약사들과 물밑 협력이...,"=HYPERLINK(""https://www.thebell.co.kr/free/content/ArticleView.asp?key=202510300630446120102594&lcode=00&page=1&svccode=00"", ""[알지노믹스 IPO]2027년 흑자 전환 예고, 물질별 기술이전 '골든타임' 조준"")"
https://www.thebell.co.kr/free/content/ArticleView.asp?key=202510301144022480107782&lcode=00&page=1&svccode=00,"[한미 관세협상 타결]16% 수출 의약품 '최혜국 대우', 시밀러도 '무관세' 촉...",이번 한미 관세 협상 타결로 제약바이오 산업이 가장 우려했던 의약품 100% 리스크가 해소됐다. 미국은 전체 의약품 수출액의 16%를 차지하는데다 수출금액도 높아지고 있어 관세에 촉각을 기울일 수밖...,"=HYPERLINK(""https://www.thebell.co.kr/free/content/ArticleView.asp?key=202510301144022480107782&lcode=00&page=1&svccode=00"", ""[한미 관세협상 타결]16% 수출 의약품 '최혜국 대우', 시밀러도 '무관세' 촉..."")"
https://www.thebell.co.kr/free/content/ArticleView.asp?key=202510301249411920107060&lcode=00&page=2&svccode=00,"'ADC 협업' 롯데는 컨쥬게이션, SK팜테코는 링커·페이로드",제약사의 전략적 협업 기반 '코마케팅'이 바이오 CDMO(위탁개발생산) 산업에서도 적용됐다. 롯데그룹과 SK그룹의 CDMO 계열사가 ADC(항체약물접합체)라는 접점 아래 손을 잡았다.    양 사는...,"=HYPERLINK(""https://www.thebell.co.kr/free/content/ArticleView.asp?key=202510301249411920107060&lcode=00&page=2&svccode=00"", ""'ADC 협업' 롯데는 컨쥬게이션, SK팜테코는 링커·페이로드"")"
https://www.thebell.co.kr/free/content/ArticleView.asp?key=202510301346381640103261&lcode=00&page=2&svccode=00,"엠비디, 기술성평가 두번째 통과…코스닥 상장 재시동",엠비디가 코스닥 기술특례상장을 위한 기술성 평가를 또 한 번 통과하며 기술력을 입증했다. 2024년 11월 첫 통과 후 자금 조달 환경 개선을 기다렸던 엠비디는 165억원 규모의 시리즈C 펀딩에 성...,"=HYPERLINK(""https://www.thebell.co.kr/free/content/ArticleView.asp?key=202510301346381640103261&lcode=00&page=2&svccode=00"", ""엠비디, 기술성평가 두번째 통과…코스닥 상장 재시동"")"
https://www.thebell.co.kr/free/content/ArticleView.asp?key=202510301517229600107228&lcode=00&page=2&svccode=00,"동아쏘시오의 에스티젠, 이유있는 재무통 이현민 사장 추대",동아쏘시오그룹의 생산 밸류체인 자회사 에스티젠바이오가 4년 만에 대표이사를 교체했다. 주목할 만한 대목은 기존 R&D 기반의 대표이사 체제를 유지하던 상황에서 갑작스레 그룹 재무통 출신의 신임 수장...,"=HYPERLINK(""https://www.thebell.co.kr/free/content/ArticleView.asp?key=202510301517229600107228&lcode=00&page=2&svccode=00"", ""동아쏘시오의 에스티젠, 이유있는 재무통 이현민 사장 추대"")"
https://www.thebell.co.kr/free/content/ArticleView.asp?key=202510301531546160103561&lcode=00&page=2&svccode=00,"동아쏘시오 R&D 이끌 수장, 동아에스티 아닌 '에스티팜'",최근 공석이 된 동아쏘시오그룹 연구개발(R&D) 최고기술책임자(CTO) 역할은 성무제 에스티팜 대표가 잇게 됐다. 사실상 R&D의 중심이었던 동아에스티가 아닌 에스티팜 소속 경영진이 그룹 R&D를 ...,"=HYPERLINK(""https://www.thebell.co.kr/free/content/ArticleView.asp?key=202510301531546160103561&lcode=00&page=2&svccode=00"", ""동아쏘시오 R&D 이끌 수장, 동아에스티 아닌 '에스티팜'"")"
https://www.thebell.co.kr/free/content/ArticleView.asp?key=202510301618094440107989&lcode=00&page=2&svccode=00,"동아쏘시오, 비상경영 속 또 수장 교체…2년새 계열사 5곳",지난해 비상경영을 선포한 동아쏘시오그룹이 2년 연속 대규모 인사 이동을 단행했다. 지난해 지주사와 동아에스티간 대표이사 맞교환에 이어 올해도 주요 계열사들의 수장 교체를 진행하며 경영 쇄신 의지를 ...,"=HYPERLINK(""https://www.thebell.co.kr/free/content/ArticleView.asp?key=202510301618094440107989&lcode=00&page=2&svccode=00"", ""동아쏘시오, 비상경영 속 또 수장 교체…2년새 계열사 5곳"")"
https://www.thebell.co.kr/free/content/ArticleView.asp?key=202510301746431560107416&lcode=00&page=2&svccode=00,"[SK그룹 인사 풍향계]이동훈 SK바이오팜 대표 유임, 최윤정 승계 메이트 '주목...",SK그룹이 계열사 사장단 인사에서 대규모 인적 쇄신을 단행한 가운데 바이오 부문 계열사들은 전열을 유지했다. 내년 3월 임기 만료 예정인 이동훈 SK바이오팜 대표가 인사 대상에 포함되지 않으면서 사...,"=HYPERLINK(""https://www.thebell.co.kr/free/content/ArticleView.asp?key=202510301746431560107416&lcode=00&page=2&svccode=00"", ""[SK그룹 인사 풍향계]이동훈 SK바이오팜 대표 유임, 최윤정 승계 메이트 '주목..."")"
https://www.thebell.co.kr/free/content/ArticleView.asp?key=202510301845194000107328&lcode=00&page=2&svccode=00,"한미사이언스 전문경영인 효과 6개월, '조직안정·실적개선'",경영권 분쟁으로 내홍을 겪었던 한미사이언스가 올해 초 전문경영인 체제를 처음 도입하면서 단 6개월 만에 조직체계를 안정화하는데 성공한 분위기다. 매출에서 가장 큰 부분을 차지하는 온라인팜을 비롯해 ...,"=HYPERLINK(""https://www.thebell.co.kr/free/content/ArticleView.asp?key=202510301845194000107328&lcode=00&page=2&svccode=00"", ""한미사이언스 전문경영인 효과 6개월, '조직안정·실적개선'"")"
https://www.thebell.co.kr/free/content/ArticleView.asp?key=202510301547523760109049&lcode=00&page=2&svccode=00,"한투운용, '올인원 AI 투자' 액티브로 구현",인공지능(AI)이 몇 년 전부터 글로벌 여러 산업에 접목되기 시작했다. 일각에서 AI 거품론이 제기되고 있지만 AI 수요는 폭발적으로 늘어나고 있다. 앞으로도 수요 증가는 지속될 것으로 전망된다. ...,"=HYPERLINK(""https://www.thebell.co.kr/free/content/ArticleView.asp?key=202510301547523760109049&lcode=00&page=2&svccode=00"", ""한투운용, '올인원 AI 투자' 액티브로 구현"")"
https://www.thebell.co.kr/free/content/ArticleView.asp?key=202510281609239120101454&lcode=00&page=2&svccode=00,LG화학을 향한 1%의 목소리,얼마 전 LG화학에 행동주의 펀드 팰리서캐피탈의 주주제안이 날아들었다. 같은 날 만난 LG화학 관계자는 차분했다. 주주가치 제고는 항상 지향하고 노력하는 바이나 제안을 적극적으로 수용할 여력이 현실...,"=HYPERLINK(""https://www.thebell.co.kr/free/content/ArticleView.asp?key=202510281609239120101454&lcode=00&page=2&svccode=00"", ""LG화학을 향한 1%의 목소리"")"
https://www.thebell.co.kr/free/content/ArticleView.asp?key=202510271539087440107244&lcode=00&page=2&svccode=00,"[한솔의 CFO]차입금 증가 추세 한솔테크닉스, 김진석 CFO에 '시험대'",한솔테크닉스는 지난해까지 양호한 현금창출력을 이어왔다. 2022년부터 꾸준히 영업활동을 통해 현금을 쌓아왔다. 운전자본 부담이 줄고 투자기조가 보수적으로 유지된 덕이다.    다만 올해부터는 투자부...,"=HYPERLINK(""https://www.thebell.co.kr/free/content/ArticleView.asp?key=202510271539087440107244&lcode=00&page=2&svccode=00"", ""[한솔의 CFO]차입금 증가 추세 한솔테크닉스, 김진석 CFO에 '시험대'"")"
https://www.thebell.co.kr/free/content/ArticleView.asp?key=202510310749415380105037&lcode=00&page=3&svccode=00,[영상]설립 첫해 상장에 700조 사업까지…현대건설 손잡은 미국 Fermi는,현대건설 주가가 지난 27일 상승세에 마감했습니다. 휴일인 26일 전해진 미국 원전 기본설계 용역 계약 소식 때문인데요. 올해 상반기 현대건설 주가 상승을 견인했던 원전에 대한 기대감이 한풀 꺾인 ...,"=HYPERLINK(""https://www.thebell.co.kr/free/content/ArticleView.asp?key=202510310749415380105037&lcode=00&page=3&svccode=00"", ""[영상]설립 첫해 상장에 700조 사업까지…현대건설 손잡은 미국 Fermi는"")"
https://www.thebell.co.kr/free/content/ArticleView.asp?key=202510291516234800102822&lcode=00&page=3&svccode=00,[thebell League Table/2025 이사회 평가]조선 훈풍에 엔진 3...,한화엔진·HD현대마린엔진·STX엔진 등 국내 선박엔진 제조사 3곳의 이사회 평가가 개선됐다. 3사 모두 경영성과 지표의 점수 상승이 나타났다. 전방산업인 조선업의 실적 개선 훈풍이 선박기자재 분야에...,"=HYPERLINK(""https://www.thebell.co.kr/free/content/ArticleView.asp?key=202510291516234800102822&lcode=00&page=3&svccode=00"", ""[thebell League Table/2025 이사회 평가]조선 훈풍에 엔진 3..."")"
https://www.thebell.co.kr/free/content/ArticleView.asp?key=202510291053272520101053&lcode=00&page=3&svccode=00,[thebell League Table/2025 이사회 평가]'압도적' 현대모비스...,자동차 부품업계에서는 이사회 평가 여섯 가지 항목에서 두루 고른 성과를 낸 기업들이 눈에 띈다. 현대모비스가 압도적으로 앞서는 가운데 현대위아와 HL만도도 부품업계에서 양호한 성적을 기록했다. 에스...,"=HYPERLINK(""https://www.thebell.co.kr/free/content/ArticleView.asp?key=202510291053272520101053&lcode=00&page=3&svccode=00"", ""[thebell League Table/2025 이사회 평가]'압도적' 현대모비스..."")"
https://www.thebell.co.kr/free/content/ArticleView.asp?key=202510282242361040108086&lcode=00&page=3&svccode=00,"[thebell League Table/2025 이사회 평가]SK그룹, 주력 계열...","올해 이사회 평가에서 SK그룹은 주력 계열사들의 약진이 두드러졌다. SK하이닉스와 SK스퀘어 등이 최상위권으로 도약, 이사회 중심의 거버넌스 구축을 입증했다는 평이다. 다만 일부 계열사들은 순위가 ...","=HYPERLINK(""https://www.thebell.co.kr/free/content/ArticleView.asp?key=202510282242361040108086&lcode=00&page=3&svccode=00"", ""[thebell League Table/2025 이사회 평가]SK그룹, 주력 계열..."")"
https://www.thebell.co.kr/free/content/ArticleView.asp?key=202510281708476520105946&lcode=00&page=3&svccode=00,[thebell League Table/2025 이사회 평가]베스트는 현대글로비스...,해상운송 업계에서는 현대글로비스가 선두로 나선 가운데 HMM도 100위권 안에 안착했다. 현대글로비스와 HMM 모두 전년대비 점수 상승을 나타냈다. 팬오션과 대한해운 등은 100위권 밖에 머물렀지만...,"=HYPERLINK(""https://www.thebell.co.kr/free/content/ArticleView.asp?key=202510281708476520105946&lcode=00&page=3&svccode=00"", ""[thebell League Table/2025 이사회 평가]베스트는 현대글로비스..."")"
https://www.thebell.co.kr/free/content/ArticleView.asp?key=202510281440428280102155&lcode=00&page=3&svccode=00,[thebell League Table/2025 이사회 평가]상위 30위권 LG계...,LG그룹이 이사회 역량 평가에서 기대를 밑도는 성적을 받았다. 상위 30위권에 단 한 곳의 계열사도 이름을 올리지 못했다. 재계 4위라는 위치를 감안하면 아쉬운 결과다. 주력 계열사들의 실적 부진이...,"=HYPERLINK(""https://www.thebell.co.kr/free/content/ArticleView.asp?key=202510281440428280102155&lcode=00&page=3&svccode=00"", ""[thebell League Table/2025 이사회 평가]상위 30위권 LG계..."")"
https://www.thebell.co.kr/free/content/ArticleView.asp?key=202510281057209120103424&lcode=00&page=3&svccode=00,[thebell League Table/2025 이사회 평가]불닭볶음면 열풍 삼양...,"삼양식품이 주요 상장사 이사회 평가에서 식음료 업종 단독 선두로 치고 올라갔다. 올해부터 이사회·사외이사 개별 평가를 정례화하고, 평가 결과를 공개해 평가 개선 프로세스 지표를 개선한 덕분이다. 업...","=HYPERLINK(""https://www.thebell.co.kr/free/content/ArticleView.asp?key=202510281057209120103424&lcode=00&page=3&svccode=00"", ""[thebell League Table/2025 이사회 평가]불닭볶음면 열풍 삼양..."")"
https://www.thebell.co.kr/free/content/ArticleView.asp?key=202510280946310280109073&lcode=00&page=3&svccode=00,"[thebell League Table/2025 이사회 평가]대한항공, 평가 개선...",대한항공이 이사회 평가에서 한진그룹 계열사 중 1위 자리를 지켰다. 전년도 평가에서는 그룹 지주사 한진칼과 공동 1위였지만 1년 사이 한진칼보다 큰 폭의 점수 상승을 통해 단독 1위로 올라섰다. 평...,"=HYPERLINK(""https://www.thebell.co.kr/free/content/ArticleView.asp?key=202510280946310280109073&lcode=00&page=3&svccode=00"", ""[thebell League Table/2025 이사회 평가]대한항공, 평가 개선..."")"
https://www.thebell.co.kr/free/content/ArticleView.asp?key=202510271013106160104975&lcode=00&page=3&svccode=00,"[thebell League Table/2025 이사회 평가]신세계그룹, 유일하게...","신세계그룹은 공정거래위원회 대규모 기업집단 공시상 재계 11위다. 그룹의 외연은 유통 계열사 중심으로 성장하며 오랜 기간 '유통 명가'의 위상을 지켜왔지만, 이사회 구성이나 역량은 위상만큼의 성과를...","=HYPERLINK(""https://www.thebell.co.kr/free/content/ArticleView.asp?key=202510271013106160104975&lcode=00&page=3&svccode=00"", ""[thebell League Table/2025 이사회 평가]신세계그룹, 유일하게..."")"
https://www.thebell.co.kr/free/content/ArticleView.asp?key=202510221650339120103093&lcode=00&page=3&svccode=00,[thebell League Table/2025 이사회 평가]두산밥캣 100위권 ...,두산그룹 대부분 계열사가 이사회 평가에서 두산밥캣(77위)을 제외하고 총점 상위 100위권 밖으로 밀려나며 부진했다. 경영성과 부진과 이사회 개선을 위한 내외부 평가가 부족했던 탓으로 풀이된다.  ...,"=HYPERLINK(""https://www.thebell.co.kr/free/content/ArticleView.asp?key=202510221650339120103093&lcode=00&page=3&svccode=00"", ""[thebell League Table/2025 이사회 평가]두산밥캣 100위권 ..."")"
https://www.thebell.co.kr/free/content/ArticleView.asp?key=202510301320088000106862&lcode=00&page=4&svccode=00,"’주가 상승’ 전동규 서진시스템 대표, FI 풋옵션 부담 줄었다",서진시스템의 최대주주 전동규 대표가 최근 주가 상승으로 재무적투자자(FI)들에 대한 풋옵션 이행 부담을 덜게 됐다. 전 대표와 FI간 계약에는 주가가 풋옵션 이행 가격에 근접할 경우 만기를 연장할 ...,"=HYPERLINK(""https://www.thebell.co.kr/free/content/ArticleView.asp?key=202510301320088000106862&lcode=00&page=4&svccode=00"", ""’주가 상승’ 전동규 서진시스템 대표, FI 풋옵션 부담 줄었다"")"
https://www.thebell.co.kr/free/content/ArticleView.asp?key=202510291826272440109189&lcode=00&page=4&svccode=00,"키움F&I, 전 트랜치 두자릿수 언더금리 확보","키움에프앤아이(키움F&I)가 올해 두번째 공모 회사채 수요예측에서 전 트랜치에 걸쳐 두자릿수 언더금리를 확보했다. 총 700억원 모집을 목표로 했는데, 5000억원이 넘는 주문이 들어오며 부실채권(...","=HYPERLINK(""https://www.thebell.co.kr/free/content/ArticleView.asp?key=202510291826272440109189&lcode=00&page=4&svccode=00"", ""키움F&I, 전 트랜치 두자릿수 언더금리 확보"")"
https://www.thebell.co.kr/free/content/ArticleView.asp?key=202510291456153680101976&lcode=00&page=4&svccode=00,발행 우선 한국증권 조각투자 유통 컨소 참여 막판 저울질,한국투자증권이 조각투자 유통 플랫폼 인가전 참가를 막판 저울질하고 있는 것으로 파악됐다. 한국거래소(KRX)와 코스콤 컨소시엄 또는 넥스트레이드(NXT)와 뮤직카우 컨소시엄 중 한 곳에 합류할 것이...,"=HYPERLINK(""https://www.thebell.co.kr/free/content/ArticleView.asp?key=202510291456153680101976&lcode=00&page=4&svccode=00"", ""발행 우선 한국증권 조각투자 유통 컨소 참여 막판 저울질"")"
https://www.thebell.co.kr/free/content/ArticleView.asp?key=202510291454187720103452&lcode=00&page=4&svccode=00,"농협금융지주, 5000억 신종자본증권 발행 추진",NH투자증권의 종합금융투자계좌(IMA) 인가를 지원하기 위해 6500억원을 출자했던 농협금융지주가 신종자본증권 발행을 통해 자본 확충에 나선다. 앞선 농협은행 출자에 이어 NH투자증권까지 잇단 재무...,"=HYPERLINK(""https://www.thebell.co.kr/free/content/ArticleView.asp?key=202510291454187720103452&lcode=00&page=4&svccode=00"", ""농협금융지주, 5000억 신종자본증권 발행 추진"")"
https://www.thebell.co.kr/free/content/ArticleView.asp?key=202510291741533080104757&lcode=00&page=4&svccode=00,"현정은 '백기사' H&Q, 현대엘리 EB 청구로 엑시트 시동",현대그룹의 ‘백기사’로 불렸던 사모투자펀드(PEF) 운용사 H&Q코리아(이하 H&Q)가 2년 만에 현대엘리베이터 투자금 회수에 나섰다. 그간 전환사채(CB)·교환사채(EB)·전...,"=HYPERLINK(""https://www.thebell.co.kr/free/content/ArticleView.asp?key=202510291741533080104757&lcode=00&page=4&svccode=00"", ""현정은 '백기사' H&Q, 현대엘리 EB 청구로 엑시트 시동"")"
https://www.thebell.co.kr/free/content/ArticleView.asp?key=202510291025401000102961&lcode=00&page=4&svccode=00,케이에스비튜젠 시리즈B 클로징…IPO도 추진,근육질환 치료제 기업인 케이에스비튜젠(KSB TUGEN)이 시리즈B 라운드에서 약 40억원의 투자금을 유치했다. 회사는 이번 투자금을 바탕으로 연구개발(R&D)과 진행 중인 임상을 가속하겠다는 복안...,"=HYPERLINK(""https://www.thebell.co.kr/free/content/ArticleView.asp?key=202510291025401000102961&lcode=00&page=4&svccode=00"", ""케이에스비튜젠 시리즈B 클로징…IPO도 추진"")"
https://www.thebell.co.kr/free/content/ArticleView.asp?key=202510281539235320107936&lcode=00&page=4&svccode=00,"NH투자증권, IMA보다 중요한 것",연일 코스피 지수가 상승흐름을 보이며 함박웃음을 짓고 있는 것은 '코스피 5000 시대'를 외친 정부뿐만이 아니다. 늘어나는 주식 거래로 증권사들이 누리는 반사이익도 두둑하다. NH투자증권 역시 실...,"=HYPERLINK(""https://www.thebell.co.kr/free/content/ArticleView.asp?key=202510281539235320107936&lcode=00&page=4&svccode=00"", ""NH투자증권, IMA보다 중요한 것"")"
https://www.thebell.co.kr/free/content/ArticleView.asp?key=202510280213402280109513&lcode=00&page=4&svccode=00,리딩증권의 새로운 길,"""앞으로 우리가 어떤 길을 갈 것인지는 나름 흥미로운 스토리가 될 것입니다. 다른 증권사들과 함께 자본의 중대형화를 지향할 것인지, 질적인 성숙을 지향하면서 마이너리티한 성공 스토리를 만들 것인지를...","=HYPERLINK(""https://www.thebell.co.kr/free/content/ArticleView.asp?key=202510280213402280109513&lcode=00&page=4&svccode=00"", ""리딩증권의 새로운 길"")"
https://www.thebell.co.kr/free/content/ArticleView.asp?key=202510301534144320107620&lcode=00&page=4&svccode=00,"농협, 홈플러스 인수 필요조건 '이자 부담 경감'",정치권이 연일 '농협이 홈플러스를 맡아야 한다'는 역할론을 꺼내들고 있지만 금융부채 부담이 해소되지 않는 한 인수는 쉽지 않다는 평가가 나온다. 농협유통과 농협하나로유통 모두 실적 부진이 이어지는 ...,"=HYPERLINK(""https://www.thebell.co.kr/free/content/ArticleView.asp?key=202510301534144320107620&lcode=00&page=4&svccode=00"", ""농협, 홈플러스 인수 필요조건 '이자 부담 경감'"")"
https://www.thebell.co.kr/free/content/ArticleView.asp?key=202510301508042680105847&lcode=00&page=4&svccode=00,"폐기물 순환경제 기업 수퍼빈, 145억 프리IPO 라운드 완료","폐기물 순환경제 기업 수퍼빈이 신규 투자 유치에 성공했다. 동국인베스트먼트가 리딩 투자사로 나섰고, 코리아에셋증권과 라이징에스벤처스, 티인베스트먼트, 한국투자증권 등도 참여했다.    30일 투자은...","=HYPERLINK(""https://www.thebell.co.kr/free/content/ArticleView.asp?key=202510301508042680105847&lcode=00&page=4&svccode=00"", ""폐기물 순환경제 기업 수퍼빈, 145억 프리IPO 라운드 완료"")"
https://www.thebell.co.kr/free/content/ArticleView.asp?key=202510300938070840106430&lcode=00&page=5&svccode=00,"오로라월드, 200억 규모 전환사채 발행 추진",코스닥 상장사 오로라월드가 전환사채(CB) 발행을 추진하고 있다. 신규 투자 재원 확보와 사업 경쟁력 강화를 위해 자금조달에 나선 것으로 파악된다.    30일 투자은행(IB) 업계에 따르면 오로라...,"=HYPERLINK(""https://www.thebell.co.kr/free/content/ArticleView.asp?key=202510300938070840106430&lcode=00&page=5&svccode=00"", ""오로라월드, 200억 규모 전환사채 발행 추진"")"
https://www.thebell.co.kr/free/content/ArticleView.asp?key=202510281628290640106492&lcode=00&page=5&svccode=00,[다올증권 사업 리밸런싱]신한증권 홀세일 키맨 영입…업계 매출 1위 인사,홀세일(Wholesale) 비즈니스가 쉽지 않은 이유는 전문인력 영입 때문이다. 특히 까다로운 기관 주문을 확보할 수 있는 네트워크를 지닌 전문가 영입이 중소형 증권사로서는 쉽지 않기에 일종의 진입...,"=HYPERLINK(""https://www.thebell.co.kr/free/content/ArticleView.asp?key=202510281628290640106492&lcode=00&page=5&svccode=00"", ""[다올증권 사업 리밸런싱]신한증권 홀세일 키맨 영입…업계 매출 1위 인사"")"
https://www.thebell.co.kr/free/content/ArticleView.asp?key=202510281531051760108722&lcode=00&page=5&svccode=00,"엘엑스운용, 올해 네 번째 무담보 NPL펀드 내놨다",엘엑스자산운용이 무담보 부실채권(NPL)에 주로 투자하는 펀드를 선보였다. 올해 네 번째다. 연달아 100억원대 자금을 모으며 흥행을 이어가는 가운데 이번에는 금융회사도 수익자로 참여해 눈길을 끌었...,"=HYPERLINK(""https://www.thebell.co.kr/free/content/ArticleView.asp?key=202510281531051760108722&lcode=00&page=5&svccode=00"", ""엘엑스운용, 올해 네 번째 무담보 NPL펀드 내놨다"")"
https://www.thebell.co.kr/free/content/ArticleView.asp?key=202510281501132440103017&lcode=00&page=5&svccode=00,"IBK기업은행, 국내 라인업 대거 교체…해외펀드는 확대",IBK기업은행이 4분기 추천상품 매대에서 국내펀드를 대거 교체했다. 지난 분기부터 이어온 국내 강화 기조는 유지되는 모습이다. 가판대에 오른 해외펀드 개수도 하나 늘었다.    28일 더벨이 집계한...,"=HYPERLINK(""https://www.thebell.co.kr/free/content/ArticleView.asp?key=202510281501132440103017&lcode=00&page=5&svccode=00"", ""IBK기업은행, 국내 라인업 대거 교체…해외펀드는 확대"")"
https://www.thebell.co.kr/free/content/ArticleView.asp?key=202510281349469160106777&lcode=00&page=5&svccode=00,"타이거운용, 신한운용 손잡고 국민은행 진출",타이거자산운용이 신한자산운용과 손잡고 KB국민은행에 진출한다. 국민은행 점포에서 판매되는 신한운용의 사모펀드가 타이거운용의 펀드를 전액 투자하는 방식이다. 타이거운용은 운용 성과를 바탕으로 최근 i...,"=HYPERLINK(""https://www.thebell.co.kr/free/content/ArticleView.asp?key=202510281349469160106777&lcode=00&page=5&svccode=00"", ""타이거운용, 신한운용 손잡고 국민은행 진출"")"
https://www.thebell.co.kr/free/content/ArticleView.asp?key=202510281101277280107713&lcode=00&page=5&svccode=00,"해외투자 IR 떠난 퓨리오사AI, 나스닥 선택지 주목",인공지능(AI) 반도체 기업 퓨리오사AI가 투자 유치를 받기 위해 최근 해외 기관투자자 대상 기업설명회(IR)를 진행한 것으로 파악된다. 퓨리오사AI에 투자했던 운용사들은 해외 상장 선택지가 생길 ...,"=HYPERLINK(""https://www.thebell.co.kr/free/content/ArticleView.asp?key=202510281101277280107713&lcode=00&page=5&svccode=00"", ""해외투자 IR 떠난 퓨리오사AI, 나스닥 선택지 주목"")"
https://www.thebell.co.kr/free/content/ArticleView.asp?key=202510281038260320107826&lcode=00&page=5&svccode=00,"미래 기술 패권에 베팅, '넥스트테크' 성장주 포착","신한자산운용이 글로벌 기술패권 경쟁의 한가운데에서 미래 산업을 선점하기 위한 새로운 상장지수펀드(ETF)를 내놨다. 인공지능(AI), 양자컴퓨터, 소형모듈원전(SMR), 드론, 의료 AI 등 미국이...","=HYPERLINK(""https://www.thebell.co.kr/free/content/ArticleView.asp?key=202510281038260320107826&lcode=00&page=5&svccode=00"", ""미래 기술 패권에 베팅, '넥스트테크' 성장주 포착"")"
https://www.thebell.co.kr/free/content/ArticleView.asp?key=202510280947569160104653&lcode=00&page=5&svccode=00,"[Market Watch]45년만 코스피 4000, 자산배분형에 몰리는 자금",사상 처음으로 코스피가 4000선을 달성했다. 연초부터 코스피 지수가 상승세를 이어가면서 자금은 주식형 펀드로 쏠리는 모습이 나타났다. 롱숏 펀드보다도 롱온리 펀드가 그 대상이었다. 다만 최근 들어...,"=HYPERLINK(""https://www.thebell.co.kr/free/content/ArticleView.asp?key=202510280947569160104653&lcode=00&page=5&svccode=00"", ""[Market Watch]45년만 코스피 4000, 자산배분형에 몰리는 자금"")"
https://www.thebell.co.kr/free/content/ArticleView.asp?key=202510231421055800107048&lcode=00&page=5&svccode=00,[M&A 인사이트]저점이 기회다?…EV 충전 사업에 투자하는 PE들,한국의 주거 환경은 '아파트' 중심이다. 이런 주거 환경은 필연적으로 국내에서 전기차가 인기를 얻지 못하는 이유와 연결된다. 공동주택이 전체 가구의 90%에 육박하는 국내 주거 환경에서 세대당 주차...,"=HYPERLINK(""https://www.thebell.co.kr/free/content/ArticleView.asp?key=202510231421055800107048&lcode=00&page=5&svccode=00"", ""[M&A 인사이트]저점이 기회다?…EV 충전 사업에 투자하는 PE들"")"
https://www.thebell.co.kr/free/content/ArticleView.asp?key=202510231123511320103524&lcode=00&page=5&svccode=00,"[M&A 인사이트]바이오vs의료기기, 상이한 M&A 전략 '눈길'",헬스케어 섹터는 큰 틀에서 제약·바이오 산업과 의료기기 산업으로 구분할 수 있다. 바이오는 리스크를 감수하는 대신 안정적 현금흐름과 기술 플랫폼 확보로 방향을 돌렸다. 의료기기 산업은 정형외과·진단...,"=HYPERLINK(""https://www.thebell.co.kr/free/content/ArticleView.asp?key=202510231123511320103524&lcode=00&page=5&svccode=00"", ""[M&A 인사이트]바이오vs의료기기, 상이한 M&A 전략 '눈길'"")"
https://www.thebell.co.kr/free/content/ArticleView.asp?key=202510280956580400101083&lcode=00&page=6&svccode=00,"LG전자, 유일한 로비자금 증액 ‘에이킨검프’ 활용법 주목",LG전자 미국법인(LGEUS·LG ELECTRONICS U.S.A)이 올 3분기에도 대미 로비에서 외부 업체 5곳을 활용했다. 이 중 로비자금이 가장 많이 증액된 곳은 에이킨검프스트라우스하우어&펠드...,"=HYPERLINK(""https://www.thebell.co.kr/free/content/ArticleView.asp?key=202510280956580400101083&lcode=00&page=6&svccode=00"", ""LG전자, 유일한 로비자금 증액 ‘에이킨검프’ 활용법 주목"")"
https://www.thebell.co.kr/free/content/ArticleView.asp?key=202510301139198040108235&lcode=00&page=6&svccode=00,"[네온테크·GIS 합병 로드맵]반도체·디스플레이 장비사 결합, 운영 효율 극대화",네온테크가 지아이에스(GIS) 흡수합병으로 '스피드 경영'과 '원가 경쟁력' 확보에 나선다. 반도체와 디스플레이로 나뉜 조직을 단일화해 개발·납기 리드타임을 줄이고 공통 부품 표준화 등으로 중복 비...,"=HYPERLINK(""https://www.thebell.co.kr/free/content/ArticleView.asp?key=202510301139198040108235&lcode=00&page=6&svccode=00"", ""[네온테크·GIS 합병 로드맵]반도체·디스플레이 장비사 결합, 운영 효율 극대화"")"
https://www.thebell.co.kr/free/content/ArticleView.asp?key=202510280801477880103978&lcode=00&page=6&svccode=00,"NH증권, 삼성 계열사 주가 상승 가능성에 주안점",NH투자증권이 4분기 가판대에 주식형 상장지수펀드(ETF)를 중점적으로 배치했다. 국내 주식형 ETF로는 삼성그룹 계열사에 투자하는 삼성자산운용의 'KODEX 삼성그룹' ETF와 국내 바이오 성장 ...,"=HYPERLINK(""https://www.thebell.co.kr/free/content/ArticleView.asp?key=202510280801477880103978&lcode=00&page=6&svccode=00"", ""NH증권, 삼성 계열사 주가 상승 가능성에 주안점"")"
https://www.thebell.co.kr/free/content/ArticleView.asp?key=202510291021275840102786&lcode=00&page=6&svccode=00,"김범수 무죄 항소한 검찰, 증거 재채택 여부에 쏠린 눈",검찰이 김범수 카카오 미래이니셔티브센터장(사진)과 카카오의 주가 조작 무죄를 선고한 1심 판결에 불복해 항소했다. 이 과정에 시세 고정 의도가 담긴 대화와 수사 대비 '입맞추기' 정황 등 추가로 확...,"=HYPERLINK(""https://www.thebell.co.kr/free/content/ArticleView.asp?key=202510291021275840102786&lcode=00&page=6&svccode=00"", ""김범수 무죄 항소한 검찰, 증거 재채택 여부에 쏠린 눈"")"
https://www.thebell.co.kr/free/content/ArticleView.asp?key=202510270502351200108192&lcode=00&page=6&svccode=00,"미래에셋증권, 연금 인사 '정중동'…강화 기조 지속",미래에셋증권이 퇴직연금 사업에 대한 전략적 집중 기조를 이어간다. 지난해 조직 개편을 통해 연금사업 본부를 전면 재편한 데 이어 올해도 조직 확장은 물론 고객 대응 체계를 한층 강화했다.    미래...,"=HYPERLINK(""https://www.thebell.co.kr/free/content/ArticleView.asp?key=202510270502351200108192&lcode=00&page=6&svccode=00"", ""미래에셋증권, 연금 인사 '정중동'…강화 기조 지속"")"
https://www.thebell.co.kr/free/content/ArticleView.asp?key=202510300901015660104475&lcode=00&page=6&svccode=00,"최윤호의 복귀, 삼성전자 경영진단실 '1·2팀 분화'",최윤호 사장이 삼성전자에 복귀하면서 경영진단팀도 격변에 휩싸였다. 그가 복귀하면서 삼성전자 경영진단팀은 실로 격상됐고 1팀과 2팀으로 나뉘었다. 다음달로 전망되는 연말 인사에서 경영진단실에 추가적인...,"=HYPERLINK(""https://www.thebell.co.kr/free/content/ArticleView.asp?key=202510300901015660104475&lcode=00&page=6&svccode=00"", ""최윤호의 복귀, 삼성전자 경영진단실 '1·2팀 분화'"")"
https://www.thebell.co.kr/free/content/ArticleView.asp?key=202510262340381920107817&lcode=00&page=6&svccode=00,[코레이트운용 해외프로젝트 도전기]SI 중심 펀딩 구조…금융차입 없이 IRR 15...,코레이트자산운용이 필리핀 뉴클락시티에서 추진 중인 27홀 골프장 및 레지던셜 개발사업은 전형적인 부동산 프로젝트와는 결이 다르다. 소유권이 아닌 장기임차권 기반의 컨세션(concession) 구조다...,"=HYPERLINK(""https://www.thebell.co.kr/free/content/ArticleView.asp?key=202510262340381920107817&lcode=00&page=6&svccode=00"", ""[코레이트운용 해외프로젝트 도전기]SI 중심 펀딩 구조…금융차입 없이 IRR 15..."")"
https://www.thebell.co.kr/free/content/ArticleView.asp?key=202510291501262800109041&lcode=00&page=6&svccode=00,"[Company Watch]안랩, 자회사 부진에 본업 둔화까지 '금융수익만 부각'",꾸준한 성장세를 이어오던 안랩의 매출과 영업이익이 모두 약화했다. 3분기 기준으로 두 지표가 동시에 줄어든 건 2010년 이후 처음이다. 자회사의 부진이 연결 실적 역성장에 영향을 준 모양새다.  ...,"=HYPERLINK(""https://www.thebell.co.kr/free/content/ArticleView.asp?key=202510291501262800109041&lcode=00&page=6&svccode=00"", ""[Company Watch]안랩, 자회사 부진에 본업 둔화까지 '금융수익만 부각'"")"
https://www.thebell.co.kr/free/content/ArticleView.asp?key=202510291430130160106772&lcode=00&page=6&svccode=00,"성호전자, 400억에 '반도체 칠러 제조' 디이에스 인수 추진","코스닥 상장사 성호전자가 반도체 공정용 칠러 제조업체 디이에스 인수에 나선다. 함께 투자할 파트너로 그래비티프라이빗에쿼티(그래비티PE)를 확보한 상황으로, 디이에스 기업가치를 높인 뒤 상장시켜 엑시...","=HYPERLINK(""https://www.thebell.co.kr/free/content/ArticleView.asp?key=202510291430130160106772&lcode=00&page=6&svccode=00"", ""성호전자, 400억에 '반도체 칠러 제조' 디이에스 인수 추진"")"
https://www.thebell.co.kr/free/content/ArticleView.asp?key=202510291711006320102217&lcode=00&page=6&svccode=00,"[건설 사업부 성과 분석]삼성물산 건설부문, 주택·ES '웃고' 하이테크 '울고'",삼성물산 건설부문 외형 부진이 눈에 띄게 두드러졌다. 2023년 19조원을 넘으면서 정점을 찍었던 매출액은 최근 매 분기 감소세를 보인다. 올해 3분기 매출액은 3조원대를 지켰지만 남은 4분기에 반...,"=HYPERLINK(""https://www.thebell.co.kr/free/content/ArticleView.asp?key=202510291711006320102217&lcode=00&page=6&svccode=00"", ""[건설 사업부 성과 분석]삼성물산 건설부문, 주택·ES '웃고' 하이테크 '울고'"")"
https://www.thebell.co.kr/free/content/ArticleView.asp?key=202510291647507040108019&lcode=00&page=7&svccode=00,"[건설사 인사 풍향계]호반자산개발·TBM, CEO 일선 후퇴…그룹 인사 초읽기",호반그룹이 수시인사를 단행했다. 연말 정기인사를 앞두고 일부 계열사 대표이사를 교체하는 과정이다. 특히 지주사를 출범하고 사업영역 확장을 시도하는 등 사업구조를 재편하는 과정에서 계열사 리더십에 변...,"=HYPERLINK(""https://www.thebell.co.kr/free/content/ArticleView.asp?key=202510291647507040108019&lcode=00&page=7&svccode=00"", ""[건설사 인사 풍향계]호반자산개발·TBM, CEO 일선 후퇴…그룹 인사 초읽기"")"
https://www.thebell.co.kr/free/content/ArticleView.asp?key=202510291359060160109570&lcode=00&page=7&svccode=00,"에어스메디컬, 시리즈D 추진…MRI 신제품 글로벌 확장",의료 인공지능(AI) 기업 에어스메디컬이 시리즈D 투자 유치를 추진하며 글로벌 헬스케어 시장 공략을 본격화하고 있다. 연내 투자 라운드를 마무리하는 동시에 차세대 신제품 출시를 통해 매출 성장세를 ...,"=HYPERLINK(""https://www.thebell.co.kr/free/content/ArticleView.asp?key=202510291359060160109570&lcode=00&page=7&svccode=00"", ""에어스메디컬, 시리즈D 추진…MRI 신제품 글로벌 확장"")"
https://www.thebell.co.kr/free/content/ArticleView.asp?key=202510301117478120106658&lcode=00&page=7&svccode=00,"[IR Briefing]LG CNS, AI·클라우드 호조…로봇 사업 속도 낸다",LG CNS가 AI전환(AX) 사업에 이어 로봇 사업 강화에 나섰다. 글로벌 차원의 노동력 부족과 인건비 상승으로 로봇 수요가 급증할 것이라는 전망에 따른 행보다.    특히 AI 로봇 기업 &ls...,"=HYPERLINK(""https://www.thebell.co.kr/free/content/ArticleView.asp?key=202510301117478120106658&lcode=00&page=7&svccode=00"", ""[IR Briefing]LG CNS, AI·클라우드 호조…로봇 사업 속도 낸다"")"
https://www.thebell.co.kr/free/content/ArticleView.asp?key=202510301534369360103652&lcode=00&page=7&svccode=00,"LB인베, 상장 후 2년새 운용사출자금 300억 '껑충'",책임투자를 강조하고 있는 벤처캐피탈(VC) LB인베스트먼트의 운용사출자금(GP커밋)이 코스닥 상장 이후 300억원 이상 증가한 것으로 나타났다. 상장으로 확보한 공모자금을 활용해 펀드 결성에 적극 ...,"=HYPERLINK(""https://www.thebell.co.kr/free/content/ArticleView.asp?key=202510301534369360103652&lcode=00&page=7&svccode=00"", ""LB인베, 상장 후 2년새 운용사출자금 300억 '껑충'"")"
https://www.thebell.co.kr/free/content/ArticleView.asp?key=202510272133077040107987&lcode=00&page=7&svccode=00,[thebell note]83세 창업주의 마지막 숙제,'부울경 1위' 중견 건설사 동원개발이 올해 창립 50주년을 맞았다. 강산이 다섯 번은 더 바뀌었을 긴 시간 동안 동원개발에서 한 가지 변하지 않은 게 있다면 바로 장복만 회장의 리더십일 것이다. ...,"=HYPERLINK(""https://www.thebell.co.kr/free/content/ArticleView.asp?key=202510272133077040107987&lcode=00&page=7&svccode=00"", ""[thebell note]83세 창업주의 마지막 숙제"")"
https://www.thebell.co.kr/free/content/ArticleView.asp?key=202510301129439240103721&lcode=00&page=7&svccode=00,"[IR Briefing]삼성전자, 반도체 호조·MX 수익성 '상충 역설' 고심",삼성전자가 올 3분기 호실적을 기록하는데 1등 공신은 단연 디바이스솔루션(DS)부문이다. 글로벌에서 메모리 수요가 폭증한 흐름에 올라타 부진의 늪에서 탈출했다.    하지만 역설적이게도 실적 버팀목...,"=HYPERLINK(""https://www.thebell.co.kr/free/content/ArticleView.asp?key=202510301129439240103721&lcode=00&page=7&svccode=00"", ""[IR Briefing]삼성전자, 반도체 호조·MX 수익성 '상충 역설' 고심"")"
https://www.thebell.co.kr/free/content/ArticleView.asp?key=202510301514181200109651&lcode=00&page=7&svccode=00,"어플레이즈, 30억 시리즈A 라운드 시동",인공지능(AI) 기반 공간 맞춤형 콘텐츠 큐레이션 솔루션을 개발한 스타트업 어플레이즈가 시리즈A 라운드를 통한 자금 조달에 나선다. 투자금은 연구개발(R&D)과 제품 고도화에 활용될 예정이다.   ...,"=HYPERLINK(""https://www.thebell.co.kr/free/content/ArticleView.asp?key=202510301514181200109651&lcode=00&page=7&svccode=00"", ""어플레이즈, 30억 시리즈A 라운드 시동"")"
https://www.thebell.co.kr/free/content/ArticleView.asp?key=202510301334570440107592&lcode=00&page=7&svccode=00,"에이티넘인베, 해외 펀드레이징 담당 임원 영입",원펀드 전략으로 국내 벤처캐피탈(VC) 펀드레이징의 새로운 역사를 쓰고 있는 에이티넘인베스트먼트가 해외 펀드레이징을 담당할 인력을 영입했다. 내년부터 차기 펀드의 펀드레이징을 시작할 것으로 전망되는...,"=HYPERLINK(""https://www.thebell.co.kr/free/content/ArticleView.asp?key=202510301334570440107592&lcode=00&page=7&svccode=00"", ""에이티넘인베, 해외 펀드레이징 담당 임원 영입"")"
https://www.thebell.co.kr/free/content/ArticleView.asp?key=202510301001238440109383&lcode=00&page=7&svccode=00,"[IR Briefing]SKT, 당기손실·미배당 전환 '4분기 배당도 위험'",SKT가 유심 정보 유출 사고 여파에 따른 실적 직격탄을 맞았다. 3분기 영업이익이 90% 이상 감소한 가운데 당기순손익도 과징금 영향에 적자전환했다. 전례 없는 재무악화에 3분기 미배당까지 결정했...,"=HYPERLINK(""https://www.thebell.co.kr/free/content/ArticleView.asp?key=202510301001238440109383&lcode=00&page=7&svccode=00"", ""[IR Briefing]SKT, 당기손실·미배당 전환 '4분기 배당도 위험'"")"
https://www.thebell.co.kr/free/content/ArticleView.asp?key=202510291859116560106331&lcode=00&page=7&svccode=00,"코람코라이프인프라리츠, 신림 호텔 '메리어트' 단다",코람코라이프인프라리츠가 최근 인수한 'CS프리미어호텔서울' 밸류애드에 나선다. 리모델링 후 메리어트 프랜차이즈 브랜드 도입을 추진 중이다. 연말에는 '아늑호텔 인천구월점' 인수를 마무리 짓는다. 이...,"=HYPERLINK(""https://www.thebell.co.kr/free/content/ArticleView.asp?key=202510291859116560106331&lcode=00&page=7&svccode=00"", ""코람코라이프인프라리츠, 신림 호텔 '메리어트' 단다"")"
https://www.thebell.co.kr/free/content/ArticleView.asp?key=202510301051371240106713&lcode=00&page=8&svccode=00,"모비릭스파트너스, 4년 만에 벤처투자 철수한다",지난 2021년 설립된 모비릭스파트너스가 4년 만에 해산한다. 2022년 신기술금융회사 라이선스를 얻은 뒤 빠르게 투자성과를 거두며 벤처캐피탈업계 주목할 하우스로 등극했지만 다시 모회사에 편입되며 ...,"=HYPERLINK(""https://www.thebell.co.kr/free/content/ArticleView.asp?key=202510301051371240106713&lcode=00&page=8&svccode=00"", ""모비릭스파트너스, 4년 만에 벤처투자 철수한다"")"
https://www.thebell.co.kr/free/content/ArticleView.asp?key=202510300034414560105591&lcode=00&page=8&svccode=00,"[PF Radar]롯데건설, 평촌 오피스텔 개발사업 '승부수'",롯데건설이 안양시 평촌동에서 오피스텔 분양에 나선다. 2017년 시행사가 부지를 매입한 후 약 8년 만이다. 공동주택에 비해 수요가 부족한 오피스텔 개발사업이지만 대출규제를 적용받지 않고 중대형 평...,"=HYPERLINK(""https://www.thebell.co.kr/free/content/ArticleView.asp?key=202510300034414560105591&lcode=00&page=8&svccode=00"", ""[PF Radar]롯데건설, 평촌 오피스텔 개발사업 '승부수'"")"
https://www.thebell.co.kr/free/content/ArticleView.asp?key=202510290934524440106438&lcode=00&page=8&svccode=00,[업스테이지 국가대표AI 연합군]'스타트업 정예군' 뭉쳤다…'공공·의료·교육' 확...,국가대표 인공지능(AI) 프로젝트에 스타트업 정예군이 뭉쳤다. 과학기술정보통신부가 추진하는 '글로벌 프런티어 파운데이션 모델' 개발 사업에 업스테이지 컨소시엄이 선정됐다. 대기업 중심으로 형성된 5...,"=HYPERLINK(""https://www.thebell.co.kr/free/content/ArticleView.asp?key=202510290934524440106438&lcode=00&page=8&svccode=00"", ""[업스테이지 국가대표AI 연합군]'스타트업 정예군' 뭉쳤다…'공공·의료·교육' 확..."")"
https://www.thebell.co.kr/free/content/ArticleView.asp?key=202510271519347080105595&lcode=00&page=8&svccode=00,"[thebell interview]""발행사 총액법 리스크 살펴야, 지역화폐 모델 ...",스테이블코인을 발행하는 과정에서 법률뿐 아니라 회계에 관한 이슈도 중요한 지점이다. 특히 발행사는 총액법 적용으로 자산이 증가해 각종 규제 부담이 커질 수 있는 게 리스크라는 분석이다.    EY한...,"=HYPERLINK(""https://www.thebell.co.kr/free/content/ArticleView.asp?key=202510271519347080105595&lcode=00&page=8&svccode=00"", ""[thebell interview]""""발행사 총액법 리스크 살펴야, 지역화폐 모델 ..."")"
https://www.thebell.co.kr/free/content/ArticleView.asp?key=202510300928160440101730&lcode=00&page=8&svccode=00,"삼성E&A, 10년 만에 미국 플랜트 제작 사업 재진출",삼성E&A가 약 10년 만에 미국 시장에 진출한다. 한국과 미국 정부가 조성한 펀드를 활용한 저탄소 암모니아 플랜트 프로젝트다. 삼성E&A는 미국 시장에 다시 진출했다는 의미와 더불어 저탄소 암모니...,"=HYPERLINK(""https://www.thebell.co.kr/free/content/ArticleView.asp?key=202510300928160440101730&lcode=00&page=8&svccode=00"", ""삼성E&A, 10년 만에 미국 플랜트 제작 사업 재진출"")"
https://www.thebell.co.kr/free/content/ArticleView.asp?key=202510301104222600103761&lcode=00&page=8&svccode=00,"[건설사 인사 풍향계]SK에코플랜트, '반도체 전문' 김영식 사장 내정자 합류",SK에코플랜트 신임 대표로 김영식 SK하이닉스 부사장(사진)이 내정됐다. 그는 SK그룹 사장단 인사를 통해 사장 승진과 맞물려 SK에코플랜트로 자리를 옮긴다. 김 사장 내정자는 SK하이닉스에서 양산...,"=HYPERLINK(""https://www.thebell.co.kr/free/content/ArticleView.asp?key=202510301104222600103761&lcode=00&page=8&svccode=00"", ""[건설사 인사 풍향계]SK에코플랜트, '반도체 전문' 김영식 사장 내정자 합류"")"
https://www.thebell.co.kr/free/content/ArticleView.asp?key=202510300212105680109683&lcode=00&page=8&svccode=00,"[thebell interview]박필재 KITA UAE지부장 ""중동, 패밀리오피...","""중동 자본 생태계의 중심축은 패밀리오피스와 국부펀드이다. 때문에 중동 시장의 투자 논리는 단순한 수익 추구가 아닌 산업 자립과 외국인 직접투자(FDI) 확대에 맞춰져 있다. 한국 스타트업이 진출하...","=HYPERLINK(""https://www.thebell.co.kr/free/content/ArticleView.asp?key=202510300212105680109683&lcode=00&page=8&svccode=00"", ""[thebell interview]박필재 KITA UAE지부장 """"중동, 패밀리오피..."")"
https://www.thebell.co.kr/free/content/ArticleView.asp?key=202510301023088080106080&lcode=00&page=8&svccode=00,"[SK그룹 인사 풍향계]SKB, 김성수 신임 사장 선임 '체질 개선 특명'",본업인 유료방송 정체로 체질 개선이 요구되는 SK브로드밴드가 통신·미디어 양쪽을 아우른 베테랑을 새 수장으로 택했다. 김성수 신임 사장은 계열사간 시너지를 앞세워 새 성장 동력 발굴에 나설 전망이다...,"=HYPERLINK(""https://www.thebell.co.kr/free/content/ArticleView.asp?key=202510301023088080106080&lcode=00&page=8&svccode=00"", ""[SK그룹 인사 풍향계]SKB, 김성수 신임 사장 선임 '체질 개선 특명'"")"
https://www.thebell.co.kr/free/content/ArticleView.asp?key=202510300925317400105371&lcode=00&page=8&svccode=00,"포스코이앤씨, 폴란드 사업 미수금 회수 '박차'",포스코이앤씨가 야심차게 진출한 폴란드에서 두번째 프로젝트를 마무리 짓지 못하고 있는 것으로 나타났다. 당초 지난해 말까지 공사를 마쳤어야 하지만 공기가 지연되면서 추가 원가가 투입되고 대손상각비 등...,"=HYPERLINK(""https://www.thebell.co.kr/free/content/ArticleView.asp?key=202510300925317400105371&lcode=00&page=8&svccode=00"", ""포스코이앤씨, 폴란드 사업 미수금 회수 '박차'"")"
https://www.thebell.co.kr/free/content/ArticleView.asp?key=202510300737534300107548&lcode=00&page=8&svccode=00,"[VC 투자기업]포스포, 일본 '스탠리'에 형광소재 공급",소재전문기업 포스포가 일본 전등 제조업체 '스탠리일렉트릭(이하 스탠리)'와 형광소재 'Phosphor in Glass(PIG)' 공급 계약을 맺는다. 지난 수년 동안 협업을 이어가면서 쌓아온 네트워...,"=HYPERLINK(""https://www.thebell.co.kr/free/content/ArticleView.asp?key=202510300737534300107548&lcode=00&page=8&svccode=00"", ""[VC 투자기업]포스포, 일본 '스탠리'에 형광소재 공급"")"
https://www.thebell.co.kr/free/content/ArticleView.asp?key=202510301028006280106586&lcode=00&page=9&svccode=00,"[SK그룹 인사 풍향계]SK하이닉스, 차선용 승진 '5사장단 체제 복귀'",SK하이닉스가 5사장단 체제로 돌아왔다. 지난해 사업부문을 5개 조직으로 재편한 이후 후속 조치로 풀이된다. 당시 SK하이닉스는 핵심 기능별로 책임과 권한을 부여해 신속한 의사결정이 가능하도록 'C...,"=HYPERLINK(""https://www.thebell.co.kr/free/content/ArticleView.asp?key=202510301028006280106586&lcode=00&page=9&svccode=00"", ""[SK그룹 인사 풍향계]SK하이닉스, 차선용 승진 '5사장단 체제 복귀'"")"
https://www.thebell.co.kr/free/content/ArticleView.asp?key=202510300735399740104522&lcode=00&page=9&svccode=00,"'치과 임플란트' 도이프, 20억 첫 기관투자 유치",치과 임플란트를 만드는 의료기기 기업 도이프가 처음으로 기관 투자유치에 성공했다. 우수한 기술력과 실질적인 매출 성과를 만들어내고 있다는 점이 높은 평가를 받았다. 도이프는 글로벌 사업 확장을 목표...,"=HYPERLINK(""https://www.thebell.co.kr/free/content/ArticleView.asp?key=202510300735399740104522&lcode=00&page=9&svccode=00"", ""'치과 임플란트' 도이프, 20억 첫 기관투자 유치"")"
https://www.thebell.co.kr/free/content/ArticleView.asp?key=202510291622597320101347&lcode=00&page=9&svccode=00,"[PF Radar]롯데건설, '광주 쌍령공원' 본PF 전환 과제는",롯데건설이 시공을 맡은 경기 광주 쌍령근린공원 민간공원조성 특례사업 본PF 전환이 내년 상반기로 가시화되고 있다. 다만 사업성 개선을 위해 사업계획 변경승인 절차가 마무리돼야 하는 상황이다. 롯데건...,"=HYPERLINK(""https://www.thebell.co.kr/free/content/ArticleView.asp?key=202510291622597320101347&lcode=00&page=9&svccode=00"", ""[PF Radar]롯데건설, '광주 쌍령공원' 본PF 전환 과제는"")"
https://www.thebell.co.kr/free/content/ArticleView.asp?key=202510301025344960102434&lcode=00&page=9&svccode=00,"[SK그룹 인사 풍향계]한명진 사장, SKT 무선사업 '구원투수' 투입",한명진 SK스퀘어 대표(사장)가 SK텔레콤으로 복귀한다. 직책은 통신 CIC장(사장)이다. 올해 유심 정보 유출로 타격을 입은 SKT 무선사업부를 원상태로 돌려놓기 위한 인사로 풀이된다.    그는...,"=HYPERLINK(""https://www.thebell.co.kr/free/content/ArticleView.asp?key=202510301025344960102434&lcode=00&page=9&svccode=00"", ""[SK그룹 인사 풍향계]한명진 사장, SKT 무선사업 '구원투수' 투입"")"
https://www.thebell.co.kr/free/content/ArticleView.asp?key=202510290552577520107184&lcode=00&page=9&svccode=00,[VC 자율규제 도입]평가항목 세분화에 업계 ‘셈법 복잡’…전략 수립 분주,벤처캐피탈(VC)업계는 올 하반기부터 본격적으로 자율규제 시스템 도입을 준비하고 있다. 한국벤처캐피탈협회는 지난 10일까지 평가 접수를 진행했고 이르면 다음달까지 모든 평가를 마무리한다는 계획이다....,"=HYPERLINK(""https://www.thebell.co.kr/free/content/ArticleView.asp?key=202510290552577520107184&lcode=00&page=9&svccode=00"", ""[VC 자율규제 도입]평가항목 세분화에 업계 ‘셈법 복잡’…전략 수립 분주"")"
https://www.thebell.co.kr/free/content/ArticleView.asp?key=202510301114064200106278&lcode=00&page=9&svccode=00,"[SK그룹 인사 풍향계]SKT, 정재헌 신임 CEO 선임 '위기관리 대응' 중책",정재헌 SKT 최고거버넌스책임자(CGO)가 SKT의 새로운 수장이 됐다. 판사로 오래 재직했던 경험을 바탕으로 준법 경영 전문가로서 고객 개인정보 유출로 인한 타격을 최소화하는 데 공을 세웠다. 성...,"=HYPERLINK(""https://www.thebell.co.kr/free/content/ArticleView.asp?key=202510301114064200106278&lcode=00&page=9&svccode=00"", ""[SK그룹 인사 풍향계]SKT, 정재헌 신임 CEO 선임 '위기관리 대응' 중책"")"
https://www.thebell.co.kr/free/content/ArticleView.asp?key=202510301121572200104539&lcode=00&page=9&svccode=00,"[SK그룹 인사 풍향계]SK실트론, 정광진 사장 취임 '첫 내부승진 사례'",SK실트론이 리더십 재편에 나선다. 두산 등과 인수합병(M&A) 논의가 이뤄지는 상황이어서 이목이 쏠린다. 기존 SK실트론 경영진이 다른 그룹사로 이동하는 사례를 볼 때 신임 사장의 추후 행보도 관...,"=HYPERLINK(""https://www.thebell.co.kr/free/content/ArticleView.asp?key=202510301121572200104539&lcode=00&page=9&svccode=00"", ""[SK그룹 인사 풍향계]SK실트론, 정광진 사장 취임 '첫 내부승진 사례'"")"
https://www.thebell.co.kr/free/content/ArticleView.asp?key=202510301127572040108925&lcode=00&page=9&svccode=00,"[SK그룹 인사 풍향계]유영상, SKT 떠나 그룹 AI전략 리딩 '계열 시너지' ...",유영상 사장이 SKT 수장 자리를 내려놓고 앞으론 SK그룹 AI전략을 이끄는 역할을 맡는다. SK수펙스추구협의회 AI위원회 위원장으로 선임됐다. SKT 수장 시절 기업 AI컴퍼니 전환과 성공적인 투...,"=HYPERLINK(""https://www.thebell.co.kr/free/content/ArticleView.asp?key=202510301127572040108925&lcode=00&page=9&svccode=00"", ""[SK그룹 인사 풍향계]유영상, SKT 떠나 그룹 AI전략 리딩 '계열 시너지' ..."")"
https://www.thebell.co.kr/free/content/ArticleView.asp?key=202510301135132520109095&lcode=00&page=9&svccode=00,"[SK그룹 인사 풍향계]SK스퀘어, 김정규 대표 내정 '글로벌 전문가 전면에'","SK스퀘어가 김정규 SK㈜ 비서실장을 신임 사장으로 선임하고 대표이사로 내정했다. 그는 해외 사업 전문가다. SK플래닛 미국지사 팀장, SK텔레콤 말레이시아 오피스 지사장, 시티그룹 미국 합작사 담...","=HYPERLINK(""https://www.thebell.co.kr/free/content/ArticleView.asp?key=202510301135132520109095&lcode=00&page=9&svccode=00"", ""[SK그룹 인사 풍향계]SK스퀘어, 김정규 대표 내정 '글로벌 전문가 전면에'"")"
https://www.thebell.co.kr/free/content/ArticleView.asp?key=202510301239343720109291&lcode=00&page=9&svccode=00,"SK쉴더스, 해킹 사태 탓 외부행사 연기 '대외활동 위축'",SK쉴더스가 올 11월에 진행할 예정이었던 보안 행사 '사이버 시큐리티 미디어데이'를 잠정 연기했다. SK쉴더스의 보안 역량을 대외에 알리는 데 그치지 않고 잠재 고객과 파트너를 만나는 창구로도 활...,"=HYPERLINK(""https://www.thebell.co.kr/free/content/ArticleView.asp?key=202510301239343720109291&lcode=00&page=9&svccode=00"", ""SK쉴더스, 해킹 사태 탓 외부행사 연기 '대외활동 위축'"")"
https://www.thebell.co.kr/free/content/ArticleView.asp?key=202510301323585560105821&lcode=00&page=10&svccode=00,"삼성전자, 엔비디아 HBM 납품 드디어 공식화 '날갯짓'",삼성전자의 디바이스솔루션(DS)부문이 반등을 넘어 정상궤도에 들어서고 있다. 가장 큰 호재는 엔비디아 공급망 진입이다. 인공지능(AI) 데이터센터 투자 확산으로 삼성전자도 고대역폭 메모리(HBM) ...,"=HYPERLINK(""https://www.thebell.co.kr/free/content/ArticleView.asp?key=202510301323585560105821&lcode=00&page=10&svccode=00"", ""삼성전자, 엔비디아 HBM 납품 드디어 공식화 '날갯짓'"")"
https://www.thebell.co.kr/free/content/ArticleView.asp?key=202510301547181360102748&lcode=00&page=10&svccode=00,"부담 커지는 KT, 전고객 유심 교체시 비용 '2100억'",KT가 소액결제 해킹 사고 대책으로 전고객 대상 유심 교체 방안 논의에 본격 돌입한다. 그간 피해가 확인된 고객 대상 보상안만 제안해 재무 부담이 크지 않았지만 전고객으로 범위를 확장하면 사안이 달...,"=HYPERLINK(""https://www.thebell.co.kr/free/content/ArticleView.asp?key=202510301547181360102748&lcode=00&page=10&svccode=00"", ""부담 커지는 KT, 전고객 유심 교체시 비용 '2100억'"")"
https://www.thebell.co.kr/free/content/ArticleView.asp?key=202510301602227960104073&lcode=00&page=10&svccode=00,"[IR Briefing]'공공 AI 선점' 삼성SDS, 행안부·교육청 솔루션 공급",삼성SDS가 공공 부문에서 인공지능(AI) 사업 확대에 속도를 내고 있다. 공공 부문은 AI 분야에서 실질적인 수익 창출이 가능한 시장으로 평가된다.    삼성SDS는 우선 '브리티 코파일럿'을 통...,"=HYPERLINK(""https://www.thebell.co.kr/free/content/ArticleView.asp?key=202510301602227960104073&lcode=00&page=10&svccode=00"", ""[IR Briefing]'공공 AI 선점' 삼성SDS, 행안부·교육청 솔루션 공급"")"
https://www.thebell.co.kr/free/content/ArticleView.asp?key=202510301620226200106652&lcode=00&page=10&svccode=00,"[Company Watch]'최대 실적' 대한전선, 넥스트 스텝 '동남아·아프리카...",대한전선이 3분기 역대 최대 실적을 달성하며 글로벌 전력 인프라 시장에서 입지를 굳히고 있다. 해저케이블을 비롯한 고부가 전력망 수요 증가가 실적을 견인했고 사상 최대 수주잔고를 기반으로 성장세를 ...,"=HYPERLINK(""https://www.thebell.co.kr/free/content/ArticleView.asp?key=202510301620226200106652&lcode=00&page=10&svccode=00"", ""[Company Watch]'최대 실적' 대한전선, 넥스트 스텝 '동남아·아프리카..."")"
https://www.thebell.co.kr/free/content/ArticleView.asp?key=202510301640304600105674&lcode=00&page=10&svccode=00,"[IR Briefing]LG디스플레이, 정철동 공언 '연간 흑자 가시화'",LG디스플레이가 2분기 적자를 딛고 3분기 흑자를 냈다. 누적 영업이익이 3485억원으로 연간 턴어라운드를 목전에 뒀다. 2023년 말 부임한 정철동 사장이 초반부터 강조해온 목표인 만큼 안팎의 기...,"=HYPERLINK(""https://www.thebell.co.kr/free/content/ArticleView.asp?key=202510301640304600105674&lcode=00&page=10&svccode=00"", ""[IR Briefing]LG디스플레이, 정철동 공언 '연간 흑자 가시화'"")"
https://www.thebell.co.kr/free/content/ArticleView.asp?key=202510301746563960109511&lcode=00&page=10&svccode=00,"[i-point]이브이첨단소재, ""유증 자금 에스크로 관리""",이브이첨단소재는 30일 임시주주총회 이후 주주간담회를 열어 유상증자 자금 집행 계획과 베트남 제2공장 증설 계획을 발표했다고 30일 밝혔다.    이번 간담회에서는 △2025년 영업실적과 2026년...,"=HYPERLINK(""https://www.thebell.co.kr/free/content/ArticleView.asp?key=202510301746563960109511&lcode=00&page=10&svccode=00"", ""[i-point]이브이첨단소재, """"유증 자금 에스크로 관리"""""")"
https://www.thebell.co.kr/free/content/ArticleView.asp?key=202510301743464240108229&lcode=00&page=10&svccode=00,"[Company Watch]LG이노텍, 글로벌 생산거점 확장 속 실적 반등","LG이노텍이 어려운 경영환경을 마주한 가운데 반등에 성공했다. 애플 신제품 출시에 따른 계절적 성수기 진입, 반도체 기판 사업 호조 등이 맞물린 결과다.    LG이노텍이 실행 중인 글로벌 생산거점...","=HYPERLINK(""https://www.thebell.co.kr/free/content/ArticleView.asp?key=202510301743464240108229&lcode=00&page=10&svccode=00"", ""[Company Watch]LG이노텍, 글로벌 생산거점 확장 속 실적 반등"")"
https://www.thebell.co.kr/free/content/ArticleView.asp?key=202510301745154720109666&lcode=00&page=10&svccode=00,"안랩, 1년 만에 자사주 매입 재개 '주가 방어 포석'",안랩이 작년에 이어 올해 자기주식 매입 계획을 발표했다. 작년 한 해에만 160억원을 들여 자기주식을 사들인 가운데 추가 매입을 알렸다.    배경에는 주가 부진이 있다. 안랩은 올해 4월 창업주인...,"=HYPERLINK(""https://www.thebell.co.kr/free/content/ArticleView.asp?key=202510301745154720109666&lcode=00&page=10&svccode=00"", ""안랩, 1년 만에 자사주 매입 재개 '주가 방어 포석'"")"
https://www.thebell.co.kr/free/content/ArticleView.asp?key=202510302203386880105376&lcode=00&page=10&svccode=00,"""좋은 날 아닌가요"" 이재용, 미국 관세 타결에 '미소'","이재용 삼성전자 회장이 젠슨 황 엔비디아 CEO, 정의선 현대차그룹 회장과의 치맥 회동 이후 미국 관세 타결에 대한 소회를 밝혔다. 한 마디로 '좋은 날'이라고 표현했다.    30일 서울 삼성동 ...","=HYPERLINK(""https://www.thebell.co.kr/free/content/ArticleView.asp?key=202510302203386880105376&lcode=00&page=10&svccode=00"", """"""좋은 날 아닌가요"""" 이재용, 미국 관세 타결에 '미소'"")"
https://www.thebell.co.kr/free/content/ArticleView.asp?key=202510281526157680103259&lcode=00&page=10&svccode=00,"[그룹의 변신 Before&After]미래사업 육성, 신성장 동력 '벤처투자'",허태수 GS그룹 회장 체제 출범 후 가장 큰 변화는 미래사업 육성이다. 2020년 취임한 허 회장은 2022년 국내 첫 지주회사 기업주도형벤처캐피털(CVC)를 설립한 뒤 적극적으로 스타트업 발굴 및...,"=HYPERLINK(""https://www.thebell.co.kr/free/content/ArticleView.asp?key=202510281526157680103259&lcode=00&page=10&svccode=00"", ""[그룹의 변신 Before&After]미래사업 육성, 신성장 동력 '벤처투자'"")"
https://www.thebell.co.kr/free/content/ArticleView.asp?key=202510271443209640107189&lcode=00&page=11&svccode=00,[그룹의 변신 Before&After]‘정중동’ 행보 끝내고 신사업 노크하는 허태...,GS그룹은 느리지만 일관된 방향성과 꾸준함으로 변화를 추구하고 있다. 과거 에너지·유통·건설 등 그룹의 3대 핵심 사업에 집중하며 그외 사업군에 대한 투자는 인색했다. 그러나 최근에는 요기요와 휴젤...,"=HYPERLINK(""https://www.thebell.co.kr/free/content/ArticleView.asp?key=202510271443209640107189&lcode=00&page=11&svccode=00"", ""[그룹의 변신 Before&After]‘정중동’ 행보 끝내고 신사업 노크하는 허태..."")"
